<?xml version="1.0" encoding="utf-8"?>
<install type="template" version="1.5">
  <name>Photo_dark</name>
  <creationDate>2012-01-25</creationDate>
  <version>1.0</version>
  <author></author>
  <authorUrl></authorUrl>
  <description>Artisteer-generated theme</description>
  <files>
    <filename>joomla_images/emailButton.png</filename>
    <filename>joomla_images/Joomla.png</filename>
    <filename>joomla_images/livemarks.png</filename>
    <filename>joomla_images/pdf_button.png</filename>
    <filename>joomla_images/powered_by.gif</filename>
    <filename>joomla_images/printButton.png</filename>
    <filename>html/com_content/article/default.php</filename>
    <filename>html/com_content/article/form.php</filename>
    <filename>html/com_content/article/index.html</filename>
    <filename>html/com_content/category/blog.php</filename>
    <filename>html/com_content/category/blog_item.php</filename>
    <filename>html/com_content/category/index.html</filename>
    <filename>html/com_content/featured/default.php</filename>
    <filename>html/com_content/featured/default_item.php</filename>
    <filename>html/com_content/frontpage/default.php</filename>
    <filename>html/com_content/frontpage/default_item.php</filename>
    <filename>html/com_content/frontpage/index.html</filename>
    <filename>html/com_content/section/blog.php</filename>
    <filename>html/com_content/section/blog_item.php</filename>
    <filename>html/com_content/section/index.html</filename>
    <filename>html/com_content/index.html</filename>
    <filename>html/mod_mainmenu/default.php</filename>
    <filename>html/mod_mainmenu/index.html</filename>
    <filename>html/mod_menu/default.php</filename>
    <filename>html/mod_menu/default_component.php</filename>
    <filename>html/mod_menu/default_separator.php</filename>
    <filename>html/mod_menu/default_url.php</filename>
    <filename>html/mod_menu/index.html</filename>
    <filename>html/mod_syndicate/default.php</filename>
    <filename>html/mod_syndicate/index.html</filename>
    <filename>html/index.html</filename>
    <filename>html/modules.php</filename>
    <filename>template_thumbnail.png</filename>
    <filename>template_preview.png</filename>
    <filename>script.js</filename>
    <filename>component.php</filename>
    <filename>functions.php</filename>
    <filename>index.html</filename>
    <filename>index.php</filename>
    <filename>jquery.js</filename>
    <filename>params.ini</filename>
    <filename>ReadMe.txt</filename>
    <filename>templateDetails.xml</filename>
  </files>
  <images>
    <filename>images/system/edit.png</filename>
    <filename>images/system/edit_unpublished.png</filename>
    <filename>images/system/printButton.png</filename>
    <filename>images/system/emailButton.png</filename>
    <filename>images/Bottom_texture.jpg</filename>
    <filename>images/sheet_s.png</filename>
    <filename>images/sheet_h.png</filename>
    <filename>images/sheet_v.png</filename>
    <filename>images/sheet_c.png</filename>
    <filename>images/nav.png</filename>
    <filename>images/menuitem.png</filename>
    <filename>images/menuseparator.png</filename>
    <filename>images/subitem.png</filename>
    <filename>images/header.png</filename>
    <filename>images/header.jpg</filename>
    <filename>images/button.png</filename>
    <filename>images/vmenuitem.png</filename>
    <filename>images/vsubitem.gif</filename>
    <filename>images/blockheader.png</filename>
    <filename>images/postbullets.png</filename>
    <filename>images/postquote.png</filename>
    <filename>images/postmetadatafooter_bg.png</filename>
    <filename>images/footer_s.png</filename>
    <filename>images/footer_b.png</filename>
    <filename>images/footer_t.png</filename>
    <filename>images/spacer.gif</filename>
    <filename>images/preview.jpg</filename>
    <filename>images/livemarks.png</filename>
    <filename>images/edit.png</filename>
    <filename>images/edit_unpublished.png</filename>
    <filename>images/pdf_button.png</filename>
    <filename>images/printButton.png</filename>
    <filename>images/emailButton.png</filename>
  </images>
  <css>
    <filename>css/editor.css</filename>
    <filename>css/print.css</filename>
    <filename>css/template.css</filename>
    <filename>css/template.ie6.css</filename>
    <filename>css/template.ie7.css</filename>
  </css>
  <positions>
    <position>banner1</position>
    <position>banner2</position>
    <position>banner3</position>
    <position>banner4</position>
    <position>banner5</position>
    <position>banner6</position>
    <position>bottom1</position>
    <position>bottom2</position>
    <position>bottom3</position>
    <position>breadcrumb</position>
    <position>copyright</position>
    <position>debug</position>
    <position>extra1</position>
    <position>extra2</position>
    <position>left</position>
    <position>right</position>
    <position>syndicate</position>
    <position>top1</position>
    <position>top2</position>
    <position>top3</position>
    <position>user1</position>
    <position>user2</position>
    <position>user3</position>
    <position>user4</position>
    <position>user5</position>
  </positions>
</install>